<?xml version="1.0" encoding="UTF-8"?>
<project-private xmlns="http://www.netbeans.org/ns/project-private/1">
    <editor-bookmarks xmlns="http://www.netbeans.org/ns/editor-bookmarks/2" lastBookmarkId="5">
        <file>
            <url>src/studentinformationsystem/StudentInformationSystem.java</url>
            <bookmark id="1">
                <name/>
                <line>35</line>
                <key/>
            </bookmark>
        </file>
        <file>
            <url>src/studentinformationsystem/AdminUser.java</url>
            <bookmark id="3">
                <name/>
                <line>11</line>
                <key/>
            </bookmark>
            <bookmark id="5">
                <name/>
                <line>29</line>
                <key/>
            </bookmark>
            <bookmark id="4">
                <name/>
                <line>356</line>
                <key/>
            </bookmark>
        </file>
    </editor-bookmarks>
    <open-files xmlns="http://www.netbeans.org/ns/projectui-open-files/2">
        <group>
            <file>file:/home/harry/Downloads/java%20sis/sis/src/studentinformationsystem/AdminFrame.java</file>
        </group>
    </open-files>
</project-private>
